{
  "project_info": {
    "project_number": "214777734621",
    "project_id": "doctor-appointment-b54d2",
    "storage_bucket": "doctor-appointment-b54d2.appspot.com"
  },
  "client": [
    {
      "client_info": {
        "mobilesdk_app_id": "1:214777734621:android:bc034430f488ef6e868234",
        "android_client_info": {
          "package_name": "com.example.doctor_appointment"
        }
      },
      "oauth_client": [
        {
          "client_id": "214777734621-ei9f70u4ai85hlokl4vfqrmv9bgm2j90.apps.googleusercontent.com",
          "client_type": 1,
          "android_info": {
            "package_name": "com.example.doctor_appointment",
            "certificate_hash": "5f5cd7769b2fdc85c24b8eb78b1f022c6ad1af6a"
          }
        },
        {
          "client_id": "214777734621-h8m5goj6bp3d5duo0tvecoaje1rdgmj7.apps.googleusercontent.com",
          "client_type": 3
        }
      ],
      "api_key": [
        {
          "current_key": "AIzaSyBjgOk7n67Y3ghr_SmANwxvPUSmHIQhzM4"
        }
      ],
      "services": {
        "appinvite_service": {
          "other_platform_oauth_client": [
            {
              "client_id": "214777734621-h8m5goj6bp3d5duo0tvecoaje1rdgmj7.apps.googleusercontent.com",
              "client_type": 3
            }
          ]
        }
      }
    },
    {
      "client_info": {
        "mobilesdk_app_id": "1:214777734621:android:9e4699aa54a8a89f868234",
        "android_client_info": {
          "package_name": "com.example.doctor_appointment_admin"
        }
      },
      "oauth_client": [
        {
          "client_id": "214777734621-v8hiimifs1j75nfiasd6meos4j6ao43e.apps.googleusercontent.com",
          "client_type": 1,
          "android_info": {
            "package_name": "com.example.doctor_appointment_admin",
            "certificate_hash": "5f5cd7769b2fdc85c24b8eb78b1f022c6ad1af6a"
          }
        },
        {
          "client_id": "214777734621-h8m5goj6bp3d5duo0tvecoaje1rdgmj7.apps.googleusercontent.com",
          "client_type": 3
        }
      ],
      "api_key": [
        {
          "current_key": "AIzaSyBjgOk7n67Y3ghr_SmANwxvPUSmHIQhzM4"
        }
      ],
      "services": {
        "appinvite_service": {
          "other_platform_oauth_client": [
            {
              "client_id": "214777734621-h8m5goj6bp3d5duo0tvecoaje1rdgmj7.apps.googleusercontent.com",
              "client_type": 3
            }
          ]
        }
      }
    }
  ],
  "configuration_version": "1"
}